Workbook

Sheet run
A1: Year | C1: Powell.EffectiveElevation | D1: Powell.EffectiveStorage | E1: Powell.Inflow | F1: Powell.Outflow | G1: Powell.Pool Elevation | H1: Powell.Storage | I1: Mead.EffectiveElevation | J1: Mead.EffectiveStorage | K1: Mead.Inflow | L1: Mead.Outflow | M1: Mead.Pool Elevation | N1: Mead.Storage
A2: =YEAR(B2) -> 2024 | B2: 45322.999 | C2: 3524.3698 | D2: 5508723.6 | E2: 499360.67 | F2: 723000 | G2: 3524.3698 | H2: 5508723.6 | I2: 1067.7077 | J2: 9018342.8 | K2: 762425.33 | L2: 522450.11 | M2: 1067.7077 | N2: 9018342.8
A3: =YEAR(B3) -> 2024 | B3: 45351.999 | C3: 3520.298 | D3: 5278169.1 | E3: 393676.57 | F3: 639000 | G3: 3520.298 | H3: 5278169.1 | I3: 1068.4861 | J3: 9079639.7 | K3: 700061.33 | L3: 596308.5 | M3: 1068.4861 | N3: 9079639.7
A4: =YEAR(B4) -> 2024 | B4: 45382.999 | C4: 3531.5468 | D4: 5929345.7 | E4: 1384948.8 | F4: 675000 | G4: 3531.5468 | H4: 5929345.7 | I4: 1066.8963 | J4: 8954660.1 | K4: 687406.33 | L4: 776942.26 | M4: 1066.8963 | N4: 8954660.1
A5: =YEAR(B5) -> 2024 | B5: 45412.999 | C5: 3533.653 | D5: 6056381.8 | E5: 749799.03 | F5: 601000 | G5: 3533.653 | H5: 6056381.8 | I5: 1063.3419 | J5: 8678540.9 | K5: 638564.33 | L5: 874236.75 | M5: 1063.3419 | N5: 8678540.9
A6: =YEAR(B6) -> 2024 | B6: 45443.999 | C6: 3530.4744 | D6: 5865294.9 | E6: 406008.56 | F6: 599000 | G6: 3530.4744 | H6: 5865294.9 | I6: 1062.6071 | J6: 8622026 | K6: 739213.33 | L6: 726540.38 | M6: 1062.6071 | N6: 8622026
A7: =YEAR(B7) -> 2024 | B7: 45473.999 | C7: 3524.0375 | D7: 5489693.8 | E7: 242821.47 | F7: 628000 | G7: 3524.0375 | H7: 5489693.8 | I7: 1059.9706 | J7: 8420857.6 | K7: 661375.33 | L7: 793629.91 | M7: 1059.9706 | N7: 8420857.6
A8: =YEAR(B8) -> 2024 | B8: 45504.999 | C8: 3516.7246 | D8: 5080618.1 | E8: 290556.86 | F8: 709000 | G8: 3516.7246 | H8: 5080618.1 | I8: 1058.1603 | J8: 8284203.7 | K8: 782631.33 | L8: 842490.09 | M8: 1058.1603 | N8: 8284203.7
A9: =YEAR(B9) -> 2024 | B9: 45535.999 | C9: 3509.674 | D9: 4704040.3 | E9: 373336.68 | F9: 758000 | G9: 3509.674 | H9: 4704040.3 | I9: 1058.5571 | J9: 8314052.5 | K9: 831718.33 | L9: 713523.14 | M9: 1058.5571 | N9: 8314052.5
A10: =YEAR(B10) -> 2024 | B10: 45565.999 | C10: 3522.7627 | D10: 5417040.7 | E10: 1359367.9 | F10: 568000 | G10: 3522.7627 | H10: 5417040.7 | I10: 1057.8757 | J10: 8262821.9 | K10: 594666.34 | L10: 567229.33 | M10: 1057.8757 | N10: 8262821.9
A11: =YEAR(B11) -> 2024 | B11: 45596.999 | C11: 3520.5833 | D11: 5294138.7 | E11: 525836.43 | F11: 643000 | G11: 3520.5833 | H11: 5294138.7 | I11: 1060.4788 | J11: 8459435.6 | K11: 698525.34 | L11: 409617.27 | M11: 1060.4788 | N11: 8459435.6
A12: =YEAR(B12) -> 2024 | B12: 45626.999 | C12: 3513.8174 | D12: 4923183.5 | E12: 256293.09 | F12: 642000 | G12: 3513.8174 | H12: 4923183.5 | I12: 1061.1279 | J12: 8508854.4 | K12: 669751.33 | L12: 549430.25 | M12: 1061.1279 | N12: 8508854.4
A13: =YEAR(B13) -> 2024 | B13: 45657.999 | C13: 3521.0312 | D13: 5319257.4 | E13: 1154776.9 | F13: 715000 | G13: 3521.0312 | H13: 5319257.4 | I13: 1064.5685 | J13: 8773307.5 | K13: 822520.33 | L13: 487030.01 | M13: 1064.5685 | N13: 8773307.5
... A445: =YEAR(B445) -> 2060 | B445: 58806.999 | C445: 3562.4872 | D445: 7964423.4 | E445: 409107.74 | F445: 715000 | G445: 3562.4872 | H445: 7964423.4 | I445: 1185.409 | J445: 21100855 | K445: 884532.33 | L445: 638029.34 | M445: 1185.409 | N445: 21100855

Sheet Sheet1
B1: Powell
A2: Year | B2: Inflow | C2: Outflow
A3: 2024 | B3: =SUMIF(run!A2:A445,A3,run!E2:E445)/10^6 -> 7.636783 | C3: =SUMIF(run!A2:A445,A3,run!F2:F445)/10^6 -> 7.9
A4: 2025 | B4: =SUMIF(run!A3:A446,A4,run!E3:E446)/10^6 -> 8.9336392 | C4: =SUMIF(run!A3:A446,A4,run!F3:F446)/10^6 -> 7.2953055
A5: 2026 | B5: =SUMIF(run!A4:A447,A5,run!E4:E447)/10^6 -> 9.6948227 | C5: =SUMIF(run!A4:A447,A5,run!F4:F447)/10^6 -> 7.48
A6: 2027 | B6: =SUMIF(run!A5:A448,A6,run!E5:E448)/10^6 -> 14.685464 | C6: =SUMIF(run!A5:A448,A6,run!F5:F448)/10^6 -> 7.48
A7: 2028 | B7: =SUMIF(run!A6:A449,A7,run!E6:E449)/10^6 -> 9.0829662 | C7: =SUMIF(run!A6:A449,A7,run!F6:F449)/10^6 -> 9
A8: 2029 | B8: =SUMIF(run!A7:A450,A8,run!E7:E450)/10^6 -> 7.7940269 | C8: =SUMIF(run!A7:A450,A8,run!F7:F450)/10^6 -> 9
A9: 2030 | B9: =SUMIF(run!A8:A451,A9,run!E8:E451)/10^6 -> 13.366614 | C9: =SUMIF(run!A8:A451,A9,run!F8:F451)/10^6 -> 9
A10: 2031 | B10: =SUMIF(run!A9:A452,A10,run!E9:E452)/10^6 -> 7.5089071 | C10: =SUMIF(run!A9:A452,A10,run!F9:F452)/10^6 -> 9
A11: 2032 | B11: =SUMIF(run!A10:A453,A11,run!E10:E453)/10^6 -> 11.707906 | C11: =SUMIF(run!A10:A453,A11,run!F10:F453)/10^6 -> 8.23
A12: 2033 | B12: =SUMIF(run!A11:A454,A12,run!E11:E454)/10^6 -> 24.631475 | C12: =SUMIF(run!A11:A454,A12,run!F11:F454)/10^6 -> 20.286521
A13: 2034 | B13: =SUMIF(run!A12:A455,A13,run!E12:E455)/10^6 -> 8.221806 | C13: =SUMIF(run!A12:A455,A13,run!F12:F455)/10^6 -> 9.1639878
A14: 2035 | B14: =SUMIF(run!A13:A456,A14,run!E13:E456)/10^6 -> 7.665645 | C14: =SUMIF(run!A13:A456,A14,run!F13:F456)/10^6 -> 8.23
... A39: 2060 | B39: =SUMIF(run!A38:A481,A39,run!E38:E481)/10^6 -> 4.1422046 | C39: =SUMIF(run!A38:A481,A39,run!F38:F481)/10^6 -> 8.23

Sheet Sheet2
E5: Powell.EffectiveElevation | F5: Powell.EffectiveStorage | G5: Powell.Inflow | H5: Powell.Outflow | I5: Powell.Pool Elevation | J5: Powell.Storage | K5: Mead.EffectiveElevation | L5: Mead.EffectiveStorage | M5: Mead.Inflow | N5: Mead.Outflow | O5: Mead.Pool Elevation | P5: Mead.Storage
B6: CMIP5 | C6: 2027 | D6: 46692 | E6: 3637.3921 | F6: 14807581 | G6: 857767.6 | H6: 642000 | I6: 3637.3921 | J6: 14807581 | K6: 1032.5442 | L6: 6473381.4 | M6: 708074.33 | N6: 552582 | O6: 1032.5442 | P6: 6473381.4
B7: 21 MAF/Dry | C7: 2028 | D7: 46844 | E7: 3637.1271 | F7: 14777106 | G7: 882727.86 | H7: 634999.99 | I7: 3637.1271 | J7: 14777106 | K7: 1075.6014 | L7: 9649852.1 | M7: 672564.33 | N7: 902031.3 | O7: 1075.6014 | P7: 9649852.1
B8: 15 MAF | C8: 2027 | D8: 46722 | E8: 3637.9269 | F8: 14869241 | G8: 1582659.4 | H8: 715000 | I8: 3637.9269 | J8: 14869241 | K8: 1079.5788 | L8: 9976119 | M8: 837818.55 | N8: 501267.59 | O8: 1079.5788 | P8: 9976119
B9: Paleo | C9: Never
D14: Column1 | E14: Column2 | F14: Column3 | G14: Column4
D16: Scenario | E16: Year | F16: Date | G16: Powell.EffectiveElevation
D17: CMIP5 | E17: 2027 | F17: 46692 | G17: 3637.3921
D18: 15 MAF | E18: 2027 | F18: 46722 | G18: 3637.9269
D19: 21 then 11.5 MAF | E19: Never | F19: - | G19: -
D20: Paleo | E20: Never | F20: - | G20: -
