Workbook

Sheet run
A1: Year | C1: Powell.EffectiveElevation | D1: Powell.EffectiveStorage | E1: Powell.Inflow | F1: Powell.Outflow | G1: Powell.Pool Elevation | H1: Powell.Storage | I1: Mead.EffectiveElevation | J1: Mead.EffectiveStorage | K1: Mead.Inflow | L1: Mead.Outflow | M1: Mead.Pool Elevation | N1: Mead.Storage
A2: =YEAR(B2) -> 2024 | B2: 45322.999 | C2: 3522.5744 | D2: 5406354.4 | E2: 388769.07 | F2: 723000 | G2: 3522.5744 | H2: 5406354.4 | I2: 1067.7077 | J2: 9018342.8 | K2: 762425.33 | L2: 522450.11 | M2: 1067.7077 | N2: 9018342.8 | O2: 3636
A3: =YEAR(B3) -> 2024 | B3: 45351.999 | C3: 3517.0426 | D3: 5098018.2 | E3: 309569.15 | F3: 639000 | G3: 3517.0426 | H3: 5098018.2 | I3: 1068.4861 | J3: 9079639.7 | K3: 700061.33 | L3: 596308.5 | M3: 1068.4861 | N3: 9079639.7 | O3: 3636
A4: =YEAR(B4) -> 2024 | B4: 45382.999 | C4: 3523.4219 | D4: 5454537 | E4: 1066319.5 | F4: 675000 | G4: 3523.4219 | H4: 5454537 | I4: 1066.8963 | J4: 8954660.1 | K4: 687406.33 | L4: 776942.26 | M4: 1066.8963 | N4: 8954660.1 | O4: 3636
A5: =YEAR(B5) -> 2024 | B5: 45412.999 | C5: 3521.6032 | D5: 5351445.2 | E5: 500153.22 | F5: 601000 | G5: 3521.6032 | H5: 5351445.2 | I5: 1063.3419 | J5: 8678540.9 | K5: 638564.34 | L5: 874236.75 | M5: 1063.3419 | N5: 8678540.9 | O5: 3636
A6: =YEAR(B6) -> 2024 | B6: 45443.999 | C6: 3517.1317 | D6: 5102899.1 | E6: 342296.78 | F6: 599000 | G6: 3517.1317 | H6: 5102899.1 | I6: 1062.6071 | J6: 8622026 | K6: 739213.33 | L6: 726540.38 | M6: 1062.6071 | N6: 8622026 | O6: 3636
A7: =YEAR(B7) -> 2024 | B7: 45473.999 | C7: 3509.6376 | D7: 4702141.5 | E7: 212968.81 | F7: 628000 | G7: 3509.6376 | H7: 4702141.5 | I7: 1059.9706 | J7: 8420857.6 | K7: 661375.33 | L7: 793629.91 | M7: 1059.9706 | N7: 8420857.6 | O7: 3636
A8: =YEAR(B8) -> 2024 | B8: 45504.999 | C8: 3500.8227 | D8: 4256122.9 | E8: 247229.61 | F8: 709000 | G8: 3500.8227 | H8: 4256122.9 | I8: 1058.1603 | J8: 8284203.7 | K8: 782631.33 | L8: 842490.09 | M8: 1058.1603 | N8: 8284203.7 | O8: 3636
A9: =YEAR(B9) -> 2024 | B9: 45535.999 | C9: 3491.4844 | D9: 3810924.2 | E9: 295528.37 | F9: 758000 | G9: 3491.4844 | H9: 3810924.2 | I9: 1058.5571 | J9: 8314052.5 | K9: 831718.33 | L9: 713523.14 | M9: 1058.5571 | N9: 8314052.5 | O9: 3636
A10: =YEAR(B10) -> 2024 | B10: 45565.999 | C10: 3497.9499 | D10: 4116254.8 | E10: 914815.92 | F10: 568000 | G10: 3497.9499 | H10: 4116254.8 | I10: 1057.8757 | J10: 8262821.9 | K10: 594666.34 | L10: 567229.33 | M10: 1057.8757 | N10: 8262821.9 | O10: 3636
A11: =YEAR(B11) -> 2024 | B11: 45596.999 | C11: 3493.0939 | D11: 3885654.5 | E11: 405878.34 | F11: 643000 | G11: 3493.0939 | H11: 3885654.5 | I11: 1060.4788 | J11: 8459435.6 | K11: 698525.33 | L11: 409617.27 | M11: 1060.4788 | N11: 8459435.6 | O11: 3636
A12: =YEAR(B12) -> 2024 | B12: 45626.999 | C12: 3484.1158 | D12: 3478973 | E12: 214055.57 | F12: 642000 | G12: 3484.1158 | H12: 3478973 | I12: 1061.1279 | J12: 8508854.4 | K12: 669751.33 | L12: 549430.25 | M12: 1061.1279 | N12: 8508854.4 | O12: 3636
A13: =YEAR(B13) -> 2024 | B13: 45657.999 | C13: 3486.3026 | D13: 3575849 | E13: 828370.02 | F13: 715000 | G13: 3486.3026 | H13: 3575849 | I13: 1064.5685 | J13: 8773307.5 | K13: 822520.33 | L13: 487030.01 | M13: 1064.5685 | N13: 8773307.5 | O13: 3636
... A445: =YEAR(B445) -> 2060 | B445: 58806.999 | C445: 3398.8722 | D445: 616214.31 | E445: 325787.5 | F445: 275058.74 | G445: 3398.8722 | H445: 616214.31 | I445: 1020.2661 | J445: 5681251.8 | K445: 444591.08 | L445: 518997.54 | M445: 1020.2661 | N445: 5681251.8 | O445: 3636

Sheet Sheet1
B1: Powell
A2: Year | B2: Inflow | C2: Outflow
A3: 2024 | B3: =SUMIF(run!A2:A445,A3,run!E2:E445)/10^6 -> 5.7259544 | C3: =SUMIF(run!A2:A445,A3,run!F2:F445)/10^6 -> 7.9
A4: 2025 | B4: =SUMIF(run!A3:A446,A4,run!E3:E446)/10^6 -> 10.663707 | C4: =SUMIF(run!A3:A446,A4,run!F3:F446)/10^6 -> 7.0850764
A5: 2026 | B5: =SUMIF(run!A4:A447,A5,run!E4:E447)/10^6 -> 5.2340266 | C5: =SUMIF(run!A4:A447,A5,run!F4:F447)/10^6 -> 7.48
A6: 2027 | B6: =SUMIF(run!A5:A448,A6,run!E5:E448)/10^6 -> 4.7547283 | C6: =SUMIF(run!A5:A448,A6,run!F5:F448)/10^6 -> 7
A7: 2028 | B7: =SUMIF(run!A6:A449,A7,run!E6:E449)/10^6 -> 6.7080217 | C7: =SUMIF(run!A6:A449,A7,run!F6:F449)/10^6 -> 7
A8: 2029 | B8: =SUMIF(run!A7:A450,A8,run!E7:E450)/10^6 -> 3.7057431 | C8: =SUMIF(run!A7:A450,A8,run!F7:F450)/10^6 -> 5.2437631
A9: 2030 | B9: =SUMIF(run!A8:A451,A9,run!E8:E451)/10^6 -> 13.522601 | C9: =SUMIF(run!A8:A451,A9,run!F8:F451)/10^6 -> 9.4967578
A10: 2031 | B10: =SUMIF(run!A9:A452,A10,run!E9:E452)/10^6 -> 4.1059873 | C10: =SUMIF(run!A9:A452,A10,run!F9:F452)/10^6 -> 6.8979191
A11: 2032 | B11: =SUMIF(run!A10:A453,A11,run!E10:E453)/10^6 -> 14.801843 | C11: =SUMIF(run!A10:A453,A11,run!F10:F453)/10^6 -> 9.6020809
A12: 2033 | B12: =SUMIF(run!A11:A454,A12,run!E11:E454)/10^6 -> 8.1206623 | C12: =SUMIF(run!A11:A454,A12,run!F11:F454)/10^6 -> 7.48
A13: 2034 | B13: =SUMIF(run!A12:A455,A13,run!E12:E455)/10^6 -> 5.1927879 | C13: =SUMIF(run!A12:A455,A13,run!F12:F455)/10^6 -> 7.48
A14: 2035 | B14: =SUMIF(run!A13:A456,A14,run!E13:E456)/10^6 -> 5.3061563 | C14: =SUMIF(run!A13:A456,A14,run!F13:F456)/10^6 -> 7
... A39: 2060 | B39: =SUMIF(run!A38:A481,A39,run!E38:E481)/10^6 -> 3.1041386 | C39: =SUMIF(run!A38:A481,A39,run!F38:F481)/10^6 -> 5.0972991
